period,taxable_value,gst_paid,gst_expected,payment_ratio
2025-01,1200000,216000,216000,1
2025-02,950000,162000,171000,0.95
2025-03,1500000,270000,270000,1
2025-04,1516667,270000,273000,0.983333
2025-05,1666667,297000,300000,0.983333
2025-06,1816667,324000,327000,0.983333
2025-07,1966667,351000,354000,0.983333
2025-08,2116667,378000,381000,0.983333
2025-09,2266667,405000,408000,0.983333
